{
  "lang": "en",
  "name": "pipeline",
  "version": "0.0.0",
  "spacy_version": ">=3.8.14,<3.9.0",
  "description": "",
  "author": "",
  "email": "",
  "url": "",
  "license": "",
  "spacy_git_version": "Unknown",
  "vectors": {
    "width": 0,
    "vectors": 0,
    "keys": 0,
    "name": null,
    "mode": "default"
  },
  "labels": {
    "tok2vec": [],
    "ner": [
      "Address",
      "Can Relocate to",
      "Certifications",
      "College",
      "College Name",
      "Companies worked at",
      "Degree",
      "Designation",
      "Email Address",
      "Graduation Year",
      "Links",
      "Location",
      "Name",
      "Relocate to",
      "Rewards and Achievements",
      "Skills",
      "UNKNOWN",
      "University",
      "Years of Experience",
      "abc",
      "des",
      "links",
      "projects",
      "state",
      "training"
    ]
  },
  "pipeline": [
    "tok2vec",
    "ner"
  ],
  "components": [
    "tok2vec",
    "ner"
  ],
  "disabled": [],
  "performance": {
    "ents_f": 0.8397584072776079,
    "ents_p": 0.8664409909216803,
    "ents_r": 0.8146701388888888,
    "ents_per_type": {
      "Name": {
        "p": 0.9901269393511989,
        "r": 0.9929278642149929,
        "f": 0.9915254237288135
      },
      "Location": {
        "p": 0.763757643135075,
        "r": 0.7455236028214867,
        "f": 0.7545304777594728
      },
      "Email Address": {
        "p": 0.9830246913580247,
        "r": 0.98,
        "f": 0.9815100154083205
      },
      "Companies worked at": {
        "p": 0.9542379625945085,
        "r": 0.8951101157148189,
        "f": 0.923728813559322
      },
      "Degree": {
        "p": 0.8747534516765286,
        "r": 0.9116135662898253,
        "f": 0.8928032209360846
      },
      "College Name": {
        "p": 0.8692660550458715,
        "r": 0.9312039312039312,
        "f": 0.8991696322657176
      },
      "Graduation Year": {
        "p": 0.7804232804232805,
        "r": 0.5673076923076923,
        "f": 0.6570155902004454
      },
      "Skills": {
        "p": 0.8528064146620847,
        "r": 0.747865394274234,
        "f": 0.7968959058067968
      },
      "Links": {
        "p": 0.7407407407407407,
        "r": 0.851063829787234,
        "f": 0.7920792079207921
      },
      "Designation": {
        "p": 0.8541142651814588,
        "r": 0.9159922928709056,
        "f": 0.8839717367050948
      },
      "Years of Experience": {
        "p": 0.5674418604651162,
        "r": 0.2040133779264214,
        "f": 0.3001230012300123
      },
      "projects": {
        "p": 0.625,
        "r": 0.5,
        "f": 0.5555555555555556
      },
      "Can Relocate to": {
        "p": 1.0,
        "r": 0.08928571428571429,
        "f": 0.1639344262295082
      },
      "UNKNOWN": {
        "p": 0.2,
        "r": 0.14285714285714285,
        "f": 0.16666666666666666
      },
      "Rewards and Achievements": {
        "p": 0.39285714285714285,
        "r": 0.44,
        "f": 0.4150943396226415
      },
      "Address": {
        "p": 0.6666666666666666,
        "r": 0.3333333333333333,
        "f": 0.4444444444444444
      },
      "University": {
        "p": 1.0,
        "r": 0.2777777777777778,
        "f": 0.4347826086956522
      },
      "College": {
        "p": 0.7094594594594594,
        "r": 0.7342657342657343,
        "f": 0.7216494845360824
      },
      "state": {
        "p": 0.0,
        "r": 0.0,
        "f": 0.0
      },
      "Relocate to": {
        "p": 0.0,
        "r": 0.0,
        "f": 0.0
      },
      "Certifications": {
        "p": 1.0,
        "r": 0.14285714285714285,
        "f": 0.25
      },
      "links": {
        "p": 1.0,
        "r": 0.5,
        "f": 0.6666666666666666
      },
      "training": {
        "p": 0.0,
        "r": 0.0,
        "f": 0.0
      },
      "des": {
        "p": 0.0,
        "r": 0.0,
        "f": 0.0
      },
      "abc": {
        "p": 0.0,
        "r": 0.0,
        "f": 0.0
      }
    },
    "tok2vec_loss": 2605.116968150949,
    "ner_loss": 3547.063232421875
  }
}